<project name="propath">
    <propath pathid="compilation.propath">
        <pathelement path="${ROOT}/AppServer"/>
        <pathelement path="${ROOT}/PASOEContent/WEB-INF/openedge"/>
        <pathelement path="${ROOT}"/>
        <pathelement path="${WORK}"/>
        <pathelement path="${DLC}/gui/"/>
        <pathelement path="${DLC}/gui/adecomm.pl"/>
        <pathelement path="${DLC}/gui/adecomp.pl"/>
        <pathelement path="${DLC}/gui/adedict.pl"/>
        <pathelement path="${DLC}/gui/adeedit.pl"/>
        <pathelement path="${DLC}/gui/adeicon.pl"/>
        <pathelement path="${DLC}/gui/adeshar.pl"/>
        <pathelement path="${DLC}/gui/adeuib.pl"/>
        <pathelement path="${DLC}/gui/adeweb.pl"/>
        <pathelement path="${DLC}/gui/adexml.pl"/>
        <pathelement path="${DLC}/gui/dataadmin.pl"/>
        <pathelement path="${DLC}/gui/prodict.pl"/>
        <pathelement path="${DLC}/gui/protools.pl"/>
        <pathelement path="${DLC}/gui/OpenEdge.Core.pl"/>
        <pathelement path="${DLC}/gui/OpenEdge.BusinessLogic.pl"/>
        <pathelement path="${DLC}/gui/netlib/OpenEdge.Net.pl"/>
        <pathelement path="${DLC}/tty"/>
        <pathelement path="${DLC}/tty/adecomm.pl"/>
        <pathelement path="${DLC}/tty/adecomp.pl"/>
        <pathelement path="${DLC}/tty/adeedit.pl"/>
        <pathelement path="${DLC}/tty/adeshar.pl"/>
        <pathelement path="${DLC}/tty/dataadmin.pl"/>
        <pathelement path="${DLC}/tty/prodict.pl"/>
        <pathelement path="${DLC}/tty/adecomm.pl"/>
        <pathelement path="${DLC}/tty/OpenEdge.Core.pl"/>
        <pathelement path="${DLC}/tty/OpenEdge.BusinessLogic.pl"/>
        <pathelement path="${DLC}/tty/netlib/OpenEdge.Net.pl"/>
        <pathelement path="${DLC}"/>
        <pathelement path="${DLC}/bin"/>
    </propath>
</project>
